{"directed": false, "multigraph": false, "graph": [], "nodes": [{"boundary_node": true, "boundary_perim": 0.1278284673806962, "area": 0.05268042922449985, "STATEFP10": "44", "COUNTYFP10": "003", "COUNTYNS10": "01219778", "GEOID10": "44003", "NAME10": "Kent", "NAMELSAD10": "Kent County", "LSAD10": "06", "CLASSFP10": "H4", "MTFCC10": "G4020", "CSAFP10": "148", "CBSAFP10": "39300", "METDIVFP10": 0, "FUNCSTAT10": "N", "ALAND10": 436484769, "AWATER10": 50750734, "INTPTLAT10": "+41.6777498", "INTPTLON10": "-071.5763135", "POP10": 166158, "UPOP": 152888, "RPOP": 13270, "C_X": -71.57895033042021, "C_Y": 41.67333895224668, "TOTPOP": 166158, "UTOTPOP": 152888, "RTOTPOP": 13270, "NH_WHITE": 152141, "UNH_WHITE": 139586, "RNH_WHITE": 12555, "NH_BLACK": 2157, "UNH_BLACK": 2073, "RNH_BLACK": 84, "NH_AMIN": 355, "UNH_AMIN": 331, "RNH_AMIN": 24, "NH_ASIAN": 3346, "UNH_ASIAN": 3154, "RNH_ASIAN": 192, "NH_NHPI": 29, "UNH_NHPI": 28, "RNH_NHPI": 1, "NH_OTHER": 277, "UNH_OTHER": 247, "RNH_OTHER": 30, "NH_2MORE": 2544, "UNH_2MORE": 2391, "RNH_2MORE": 153, "HISP": 5309, "UHISP": 5078, "RHISP": 231, "H_WHITE": 3078, "UH_WHITE": 2920, "RH_WHITE": 158, "H_BLACK": 248, "UH_BLACK": 245, "RH_BLACK": 3, "H_AMIN": 82, "UH_AMIN": 73, "RH_AMIN": 9, "H_ASIAN": 32, "UH_ASIAN": 29, "RH_ASIAN": 3, "H_NHPI": 10, "UH_NHPI": 10, "RH_NHPI": 0, "H_OTHER": 1333, "UH_OTHER": 1289, "RH_OTHER": 44, "H_2MORE": 526, "UH_2MORE": 512, "RH_2MORE": 14, "VAP": 131904, "UVAP": 121992, "RVAP": 9912, "HVAP": 3193, "UHVAP": 3074, "RHVAP": 119, "WVAP": 122790, "UWVAP": 113289, "RWVAP": 9501, "BVAP": 1635, "UBVAP": 1582, "RBVAP": 53, "AMINVAP": 277, "UAMINVAP": 259, "RAMINVAP": 18, "ASIANVAP": 2494, "UASIANVAP": 2360, "RASIANVAP": 134, "NHPIVAP": 24, "UNHPIVAP": 23, "RNHPIVAP": 1, "OTHERVAP": 197, "UOTHERVAP": 178, "ROTHERVAP": 19, "2MOREVAP": 1294, "U2MOREVAP": 1227, "R2MOREVAP": 67, "id": 0}, {"boundary_node": true, "boundary_perim": 1.6029773521038797, "area": 0.1569298845925001, "STATEFP10": "44", "COUNTYFP10": "009", "COUNTYNS10": "01219782", "GEOID10": "44009", "NAME10": "Washington", "NAMELSAD10": "Washington County", "LSAD10": "06", "CLASSFP10": "H4", "MTFCC10": "G4020", "CSAFP10": "148", "CBSAFP10": "39300", "METDIVFP10": 0, "FUNCSTAT10": "N", "ALAND10": 852713750, "AWATER10": 604836952, "INTPTLAT10": "+41.4011616", "INTPTLON10": "-071.6176118", "POP10": 126979, "UPOP": 87840, "RPOP": 39139, "C_X": -71.61965927848327, "C_Y": 41.396488687654376, "TOTPOP": 126979, "UTOTPOP": 87840, "RTOTPOP": 39139, "NH_WHITE": 117330, "UNH_WHITE": 80400, "RNH_WHITE": 36930, "NH_BLACK": 1347, "UNH_BLACK": 1133, "RNH_BLACK": 214, "NH_AMIN": 1007, "UNH_AMIN": 673, "RNH_AMIN": 334, "NH_ASIAN": 2054, "UNH_ASIAN": 1675, "RNH_ASIAN": 379, "NH_NHPI": 23, "UNH_NHPI": 19, "RNH_NHPI": 4, "NH_OTHER": 189, "UNH_OTHER": 153, "RNH_OTHER": 36, "NH_2MORE": 2003, "UNH_2MORE": 1444, "RNH_2MORE": 559, "HISP": 3026, "UHISP": 2343, "RHISP": 683, "H_WHITE": 1806, "UH_WHITE": 1365, "RH_WHITE": 441, "H_BLACK": 135, "UH_BLACK": 121, "RH_BLACK": 14, "H_AMIN": 96, "UH_AMIN": 68, "RH_AMIN": 28, "H_ASIAN": 15, "UH_ASIAN": 14, "RH_ASIAN": 1, "H_NHPI": 6, "UH_NHPI": 6, "RH_NHPI": 0, "H_OTHER": 657, "UH_OTHER": 519, "RH_OTHER": 138, "H_2MORE": 311, "UH_2MORE": 250, "RH_2MORE": 61, "VAP": 101488, "UVAP": 71053, "RVAP": 30435, "HVAP": 1988, "UHVAP": 1586, "RHVAP": 402, "WVAP": 94864, "UWVAP": 65829, "RWVAP": 29035, "BVAP": 1059, "UBVAP": 906, "RBVAP": 153, "AMINVAP": 732, "UAMINVAP": 484, "RAMINVAP": 248, "ASIANVAP": 1654, "UASIANVAP": 1374, "RASIANVAP": 280, "NHPIVAP": 18, "UNHPIVAP": 15, "RNHPIVAP": 3, "OTHERVAP": 139, "UOTHERVAP": 111, "ROTHERVAP": 28, "2MOREVAP": 1034, "U2MOREVAP": 748, "R2MOREVAP": 286, "id": 1}, {"boundary_node": true, "boundary_perim": 0.14265713820766274, "area": 0.012537552349499948, "STATEFP10": "44", "COUNTYFP10": "001", "COUNTYNS10": "01219777", "GEOID10": "44001", "NAME10": "Bristol", "NAMELSAD10": "Bristol County", "LSAD10": "06", "CLASSFP10": "H4", "MTFCC10": "G4020", "CSAFP10": "148", "CBSAFP10": "39300", "METDIVFP10": 0, "FUNCSTAT10": "N", "ALAND10": 62584939, "AWATER10": 53316445, "INTPTLAT10": "+41.7052705", "INTPTLON10": "-071.2850530", "POP10": 49875, "UPOP": 49305, "RPOP": 570, "C_X": -71.28611855043305, "C_Y": 41.70554438331777, "TOTPOP": 49875, "UTOTPOP": 49305, "RTOTPOP": 570, "NH_WHITE": 47052, "UNH_WHITE": 46496, "RNH_WHITE": 556, "NH_BLACK": 363, "UNH_BLACK": 357, "RNH_BLACK": 6, "NH_AMIN": 71, "UNH_AMIN": 70, "RNH_AMIN": 1, "NH_ASIAN": 704, "UNH_ASIAN": 703, "RNH_ASIAN": 1, "NH_NHPI": 3, "UNH_NHPI": 3, "RNH_NHPI": 0, "NH_OTHER": 51, "UNH_OTHER": 51, "RNH_OTHER": 0, "NH_2MORE": 642, "UNH_2MORE": 640, "RNH_2MORE": 2, "HISP": 989, "UHISP": 985, "RHISP": 4, "H_WHITE": 700, "UH_WHITE": 700, "RH_WHITE": 0, "H_BLACK": 35, "UH_BLACK": 34, "RH_BLACK": 1, "H_AMIN": 9, "UH_AMIN": 9, "RH_AMIN": 0, "H_ASIAN": 12, "UH_ASIAN": 12, "RH_ASIAN": 0, "H_NHPI": 0, "UH_NHPI": 0, "RH_NHPI": 0, "H_OTHER": 134, "UH_OTHER": 134, "RH_OTHER": 0, "H_2MORE": 99, "UH_2MORE": 96, "RH_2MORE": 3, "VAP": 39715, "UVAP": 39247, "RVAP": 468, "HVAP": 630, "UHVAP": 628, "RHVAP": 2, "WVAP": 37922, "UWVAP": 37463, "RWVAP": 459, "BVAP": 260, "UBVAP": 255, "RBVAP": 5, "AMINVAP": 49, "UAMINVAP": 48, "RAMINVAP": 1, "ASIANVAP": 490, "UASIANVAP": 489, "RASIANVAP": 1, "NHPIVAP": 3, "UNHPIVAP": 3, "RNHPIVAP": 0, "OTHERVAP": 31, "UOTHERVAP": 31, "ROTHERVAP": 0, "2MOREVAP": 330, "U2MOREVAP": 330, "R2MOREVAP": 0, "id": 2}, {"boundary_node": true, "boundary_perim": 0.7729224587450317, "area": 0.0875883248044997, "STATEFP10": "44", "COUNTYFP10": "005", "COUNTYNS10": "01219779", "GEOID10": "44005", "NAME10": "Newport", "NAMELSAD10": "Newport County", "LSAD10": "06", "CLASSFP10": "H4", "MTFCC10": "G4020", "CSAFP10": "148", "CBSAFP10": "39300", "METDIVFP10": 0, "FUNCSTAT10": "N", "ALAND10": 265178425, "AWATER10": 547026490, "INTPTLAT10": "+41.5027319", "INTPTLON10": "-071.2840630", "POP10": 82888, "UPOP": 72865, "RPOP": 10023, "C_X": -71.28099579842281, "C_Y": 41.49980072300455, "TOTPOP": 82888, "UTOTPOP": 72865, "RTOTPOP": 10023, "NH_WHITE": 72836, "UNH_WHITE": 63161, "RNH_WHITE": 9675, "NH_BLACK": 2645, "UNH_BLACK": 2572, "RNH_BLACK": 73, "NH_AMIN": 260, "UNH_AMIN": 250, "RNH_AMIN": 10, "NH_ASIAN": 1263, "UNH_ASIAN": 1187, "RNH_ASIAN": 76, "NH_NHPI": 45, "UNH_NHPI": 40, "RNH_NHPI": 5, "NH_OTHER": 274, "UNH_OTHER": 264, "RNH_OTHER": 10, "NH_2MORE": 2053, "UNH_2MORE": 1974, "RNH_2MORE": 79, "HISP": 3512, "UHISP": 3417, "RHISP": 95, "H_WHITE": 1893, "UH_WHITE": 1827, "RH_WHITE": 66, "H_BLACK": 219, "UH_BLACK": 213, "RH_BLACK": 6, "H_AMIN": 55, "UH_AMIN": 55, "RH_AMIN": 0, "H_ASIAN": 25, "UH_ASIAN": 24, "RH_ASIAN": 1, "H_NHPI": 18, "UH_NHPI": 15, "RH_NHPI": 3, "H_OTHER": 876, "UH_OTHER": 865, "RH_OTHER": 11, "H_2MORE": 426, "UH_2MORE": 418, "RH_2MORE": 8, "VAP": 66462, "UVAP": 58416, "RVAP": 8046, "HVAP": 2219, "UHVAP": 2161, "RHVAP": 58, "WVAP": 59821, "UWVAP": 52003, "RWVAP": 7818, "BVAP": 2053, "UBVAP": 1999, "RBVAP": 54, "AMINVAP": 197, "UAMINVAP": 188, "RAMINVAP": 9, "ASIANVAP": 994, "UASIANVAP": 939, "RASIANVAP": 55, "NHPIVAP": 35, "UNHPIVAP": 33, "RNHPIVAP": 2, "OTHERVAP": 195, "UOTHERVAP": 189, "ROTHERVAP": 6, "2MOREVAP": 948, "U2MOREVAP": 904, "R2MOREVAP": 44, "id": 3}, {"boundary_node": true, "boundary_perim": 1.0298249655249263, "area": 0.12236924379999999, "STATEFP10": "44", "COUNTYFP10": "007", "COUNTYNS10": "01219781", "GEOID10": "44007", "NAME10": "Providence", "NAMELSAD10": "Providence County", "LSAD10": "06", "CLASSFP10": "H4", "MTFCC10": "G4020", "CSAFP10": "148", "CBSAFP10": "39300", "METDIVFP10": 0, "FUNCSTAT10": "N", "ALAND10": 1060604571, "AWATER10": 67737918, "INTPTLAT10": "+41.8704877", "INTPTLON10": "-071.5782416", "POP10": 626667, "UPOP": 592145, "RPOP": 34522, "C_X": -71.57859707216926, "C_Y": 41.871356550747215, "TOTPOP": 626667, "UTOTPOP": 592145, "RTOTPOP": 34522, "NH_WHITE": 414326, "UNH_WHITE": 381123, "RNH_WHITE": 33203, "NH_BLACK": 45048, "UNH_BLACK": 44902, "RNH_BLACK": 146, "NH_AMIN": 2327, "UNH_AMIN": 2283, "RNH_AMIN": 44,