{"directed": false, "multigraph": false, "graph": [], "nodes": [{"boundary_node": true, "boundary_perim": 118763.43994132278, "area": 159113376.7403548, "STATEFP10": "11", "COUNTYFP10": "001", "COUNTYNS10": "01702382", "GEOID10": "11001", "NAME10": "District of Columbia", "NAMELSAD10": "District of Columbia", "LSAD10": "00", "CLASSFP10": "H6", "MTFCC10": "G4020", "CSAFP10": "548", "CBSAFP10": "47900", "METDIVFP10": "47894", "FUNCSTAT10": "F", "ALAND10": 158114680, "AWATER10": 18884970, "INTPTLAT10": "+38.9041485", "INTPTLON10": "-077.0170942", "GISJOIN": "G1100010", "Shape_area": 159113376.74, "Shape_len": 118763.439941, "YEAR": 2010, "REGIONA": 3, "DIVISIONA": 5, "STATE": "District Of Columbia", "STATEA": 11, "COUNTY": "District Of Columbia", "COUNTYA": 1, "NAME": "District of Columbia", "URBPOP": 601723, "RURALPOP": 0, "TOTPOP": 601723, "NH_WHITE": 209464, "NH_BLACK": 301053, "NH_AMIN": 1322, "NH_ASIAN": 20818, "NH_NHPI": 216, "NH_OTHER": 1451, "NH_2MORE": 12650, "HISP": 54749, "H_WHITE": 22007, "H_BLACK": 4072, "H_AMIN": 757, "H_ASIAN": 238, "H_NHPI": 86, "H_OTHER": 22923, "H_2MORE": 4666, "VAP": 500908, "HVAP": 42708, "WVAP": 191933, "BVAP": 235249, "AMINVAP": 1143, "ASIANVAP": 19221, "NHPIVAP": 195, "OTHERVAP": 1019, "2MOREVAP": 9440, "id": 0}], "adjacency": [[]]}