{"directed": false, "multigraph": false, "graph": [], "nodes": [{"boundary_node": true, "boundary_perim": 0.7021296612127021, "area": 0.2547518993599997, "STATEFP10": "33", "COUNTYFP10": "011", "COUNTYNS10": "00873179", "GEOID10": "33011", "NAME10": "Hillsborough", "NAMELSAD10": "Hillsborough County", "LSAD10": "06", "CLASSFP10": "H1", "MTFCC10": "G4020", "CSAFP10": "148", "CBSAFP10": "31700", "METDIVFP10": "0", "FUNCSTAT10": "A", "ALAND10": 2269188527, "AWATER10": 41636576, "INTPTLAT10": "+42.9116429", "INTPTLON10": "-071.7231012", "POP10": 400721, "UPOP": 315803, "RPOP": 84918, "C_X": -71.71600881819313, "C_Y": 42.91530580117024, "TOTPOP": 400721, "UTOTPOP": 315803, "RTOTPOP": 84918, "NH_WHITE": 351224, "UNH_WHITE": 270090, "RNH_WHITE": 81134, "NH_BLACK": 7405, "UNH_BLACK": 7002, "RNH_BLACK": 403, "NH_AMIN": 742, "UNH_AMIN": 603, "RNH_AMIN": 139, "NH_ASIAN": 12898, "UNH_ASIAN": 11986, "RNH_ASIAN": 912, "NH_NHPI": 99, "UNH_NHPI": 82, "RNH_NHPI": 17, "NH_OTHER": 975, "UNH_OTHER": 903, "RNH_OTHER": 72, "NH_2MORE": 6137, "UNH_2MORE": 5122, "RNH_2MORE": 1015, "HISP": 21241, "UHISP": 20015, "RHISP": 1226, "H_WHITE": 10929, "UH_WHITE": 9984, "RH_WHITE": 945, "H_BLACK": 893, "UH_BLACK": 868, "RH_BLACK": 25, "H_AMIN": 219, "UH_AMIN": 205, "RH_AMIN": 14, "H_ASIAN": 56, "UH_ASIAN": 54, "RH_ASIAN": 2, "H_NHPI": 41, "UH_NHPI": 39, "RH_NHPI": 2, "H_OTHER": 7301, "UH_OTHER": 7148, "RH_OTHER": 153, "H_2MORE": 1802, "UH_2MORE": 1717, "RH_2MORE": 85, "VAP": 306639, "UVAP": 243382, "RVAP": 63257, "HVAP": 13089, "UHVAP": 12385, "RHVAP": 704, "WVAP": 275036, "UWVAP": 214050, "RWVAP": 60986, "BVAP": 4892, "UBVAP": 4646, "RBVAP": 246, "AMINVAP": 562, "UAMINVAP": 452, "RAMINVAP": 110, "ASIANVAP": 9321, "UASIANVAP": 8693, "RASIANVAP": 628, "NHPIVAP": 77, "UNHPIVAP": 65, "RNHPIVAP": 12, "OTHERVAP": 690, "UOTHERVAP": 646, "ROTHERVAP": 44, "2MOREVAP": 2972, "U2MOREVAP": 2445, "R2MOREVAP": 527, "id": 0}, {"boundary_node": true, "boundary_perim": 3.3999727625762812, "area": 0.5379735746855, "STATEFP10": "33", "COUNTYFP10": "007", "COUNTYNS10": "00873177", "GEOID10": "33007", "NAME10": "Coos", "NAMELSAD10": "Coos County", "LSAD10": "06", "CLASSFP10": "H1", "MTFCC10": "G4020", "CSAFP10": "0", "CBSAFP10": "13620", "METDIVFP10": "0", "FUNCSTAT10": "A", "ALAND10": 4648212655, "AWATER10": 90777672, "INTPTLAT10": "+44.6524194", "INTPTLON10": "-071.2893827", "POP10": 33055, "UPOP": 11159, "RPOP": 21896, "C_X": -71.3054171968565, "C_Y": 44.68959893157601, "TOTPOP": 33055, "UTOTPOP": 11159, "RTOTPOP": 21896, "NH_WHITE": 31801, "UNH_WHITE": 10654, "RNH_WHITE": 21147, "NH_BLACK": 141, "UNH_BLACK": 81, "RNH_BLACK": 60, "NH_AMIN": 107, "UNH_AMIN": 34, "RNH_AMIN": 73, "NH_ASIAN": 165, "UNH_ASIAN": 56, "RNH_ASIAN": 109, "NH_NHPI": 1, "UNH_NHPI": 0, "RNH_NHPI": 1, "NH_OTHER": 22, "UNH_OTHER": 8, "RNH_OTHER": 14, "NH_2MORE": 417, "UNH_2MORE": 174, "RNH_2MORE": 243, "HISP": 401, "UHISP": 152, "RHISP": 249, "H_WHITE": 244, "UH_WHITE": 111, "RH_WHITE": 133, "H_BLACK": 7, "UH_BLACK": 1, "RH_BLACK": 6, "H_AMIN": 21, "UH_AMIN": 7, "RH_AMIN": 14, "H_ASIAN": 0, "UH_ASIAN": 0, "RH_ASIAN": 0, "H_NHPI": 0, "UH_NHPI": 0, "RH_NHPI": 0, "H_OTHER": 73, "UH_OTHER": 13, "RH_OTHER": 60, "H_2MORE": 56, "UH_2MORE": 20, "RH_2MORE": 36, "VAP": 26803, "UVAP": 9131, "RVAP": 17672, "HVAP": 249, "UHVAP": 103, "RHVAP": 146, "WVAP": 25965, "UWVAP": 8789, "RWVAP": 17176, "BVAP": 113, "UBVAP": 64, "RBVAP": 49, "AMINVAP": 84, "UAMINVAP": 28, "RAMINVAP": 56, "ASIANVAP": 123, "UASIANVAP": 43, "RASIANVAP": 80, "NHPIVAP": 1, "UNHPIVAP": 0, "RNHPIVAP": 1, "OTHERVAP": 16, "UOTHERVAP": 5, "ROTHERVAP": 11, "2MOREVAP": 252, "U2MOREVAP": 99, "R2MOREVAP": 153, "id": 1}, {"boundary_node": true, "boundary_perim": 0.7467292263647083, "area": 0.11031977824999964, "STATEFP10": "33", "COUNTYFP10": "017", "COUNTYNS10": "00873182", "GEOID10": "33017", "NAME10": "Strafford", "NAMELSAD10": "Strafford County", "LSAD10": "06", "CLASSFP10": "H1", "MTFCC10": "G4020", "CSAFP10": "148", "CBSAFP10": "14460", "METDIVFP10": "40484", "FUNCSTAT10": "A", "ALAND10": 955640569, "AWATER10": 38918908, "INTPTLAT10": "+43.2931773", "INTPTLON10": "-071.0359266", "POP10": 123143, "UPOP": 83243, "RPOP": 39900, "C_X": -71.0294014363221, "C_Y": 43.297428473169205, "TOTPOP": 123143, "UTOTPOP": 83243, "RTOTPOP": 39900, "NH_WHITE": 114210, "UNH_WHITE": 76024, "RNH_WHITE": 38186, "NH_BLACK": 1144, "UNH_BLACK": 958, "RNH_BLACK": 186, "NH_AMIN": 234, "UNH_AMIN": 165, "RNH_AMIN": 69, "NH_ASIAN": 3171, "UNH_ASIAN": 2714, "RNH_ASIAN": 457, "NH_NHPI": 41, "UNH_NHPI": 33, "RNH_NHPI": 8, "NH_OTHER": 108, "UNH_OTHER": 81, "RNH_OTHER": 27, "NH_2MORE": 2034, "UNH_2MORE": 1553, "RNH_2MORE": 481, "HISP": 2201, "UHISP": 1715, "RHISP": 486, "H_WHITE": 1335, "UH_WHITE": 1012, "RH_WHITE": 323, "H_BLACK": 98, "UH_BLACK": 84, "RH_BLACK": 14, "H_AMIN": 41, "UH_AMIN": 26, "RH_AMIN": 15, "H_ASIAN": 20, "UH_ASIAN": 17, "RH_ASIAN": 3, "H_NHPI": 3, "UH_NHPI": 3, "RH_NHPI": 0, "H_OTHER": 448, "UH_OTHER": 372, "RH_OTHER": 76, "H_2MORE": 256, "UH_2MORE": 201, "RH_2MORE": 55, "VAP": 97723, "UVAP": 67116, "RVAP": 30607, "HVAP": 1450, "UHVAP": 1147, "RHVAP": 303, "WVAP": 91699, "UWVAP": 62187, "RWVAP": 29512, "BVAP": 828, "UBVAP": 701, "RBVAP": 127, "AMINVAP": 175, "UAMINVAP": 124, "RAMINVAP": 51, "ASIANVAP": 2404, "UASIANVAP": 2066, "RASIANVAP": 338, "NHPIVAP": 36, "UNHPIVAP": 28, "RNHPIVAP": 8, "OTHERVAP": 79, "UOTHERVAP": 59, "ROTHERVAP": 20, "2MOREVAP": 1052, "U2MOREVAP": 804, "R2MOREVAP": 248, "id": 2}, {"boundary_node": true, "boundary_perim": 1.1933442140656685, "area": 0.2081911996325, "STATEFP10": "33", "COUNTYFP10": "005", "COUNTYNS10": "00873176", "GEOID10": "33005", "NAME10": "Cheshire", "NAMELSAD10": "Cheshire County", "LSAD10": "06", "CLASSFP10": "H1", "MTFCC10": "G4020", "CSAFP10": "0", "CBSAFP10": "28300", "METDIVFP10": "0", "FUNCSTAT10": "A", "ALAND10": 1830241632, "AWATER10": 58115492, "INTPTLAT10": "+42.9254553", "INTPTLON10": "-072.2482169", "POP10": 77117, "UPOP": 26979, "RPOP": 50138, "C_X": -72.25117771276864, "C_Y": 42.91932455723913, "TOTPOP": 77117, "UTOTPOP": 26979, "RTOTPOP": 50138, "NH_WHITE": 73537, "UNH_WHITE": 25435, "RNH_WHITE": 48102, "NH_BLACK": 363, "UNH_BLACK": 151, "RNH_BLACK": 212, "NH_AMIN": 171, "UNH_AMIN": 40, "RNH_AMIN": 131, "NH_ASIAN": 910, "UNH_ASIAN": 500, "RNH_ASIAN": 410, "NH_NHPI": 19, "UNH_NHPI": 2, "RNH_NHPI": 17, "NH_OTHER": 61, "UNH_OTHER": 34, "RNH_OTHER": 27, "NH_2MORE": 966, "UNH_2MORE": 357, "RNH_2MORE": 609, "HISP": 1090, "UHISP": 460, "RHISP": 630, "H_WHITE": 702, "UH_WHITE": 290, "RH_WHITE": 412, "H_BLACK": 27, "UH_BLACK": 6, "RH_BLACK": 21, "H_AMIN": 22, "UH_AMIN": 6, "RH_AMIN": 16, "H_ASIAN": 11, "UH_ASIAN": 4, "RH_ASIAN": 7, "H_NHPI": 0, "UH_NHPI": 0, "RH_NHPI": 0, "H_OTHER": 214, "UH_OTHER": 103, "RH_OTHER": 111, "H_2MORE": 114, "UH_2MORE": 51, "RH_2MORE": 63, "VAP": 62005, "UVAP": 22367, "RVAP": 39638, "HVAP": 679, "UHVAP": 297, "RHVAP": 382, "WVAP": 59594, "UWVAP": 21293, "RWVAP": 38301, "BVAP": 281, "UBVAP": 115, "RBVAP": 166, "AMINVAP": 141, "UAMINVAP": 36, "RAMINVAP": 105, "ASIANVAP": 694, "UASIANVAP": 385, "RASIANVAP": 309, "NHPIVAP": 19, "UNHPIVAP": 2, "RNHPIVAP": 17, "OTHERVAP": 43, "UOTHERVAP": 23, "ROTHERVAP": 20, "2MOREVAP": 554, "U2MOREVAP": 216, "R2MOREVAP": 338, "id": 3}, {"boundary_node": false, "area": 0.13510434109150016, "STATEFP10": "33", "COUNTYFP10": "001", "COUNTYNS10": "00873174", "GEOID10": "33001", "NAME10": "Belknap", "NAMELSAD10": "Belknap County", "LSAD10": "06", "CLASSFP10": "H1", "MTFCC10": "G4020", "CSAFP10": "148", "CBSAFP10": "29060", "METDIVFP10": "0", "FUNCSTAT10": "A", "ALAND10": 1036596332, "AWATER10": 177025146, "INTPTLAT10": "+43.5191091", "INTPTLON10": "-071.4253661", "POP10": 60088, "UPOP": 20262, "RPOP": 39826, "C_X": -71.42335652769087, "C_Y": 43.518691975364305, "TOTPOP": 60088, "UTOTPOP": 20262, "RTOTPOP": 39826, "NH_WHITE": 57553, "UNH_WHITE": 19049, "RNH_WHITE": 38504, "NH_BLACK": 261, "UNH_BLACK": 161, "RNH_BLACK": 100, "NH_AMIN": 119, "UNH_AMIN": 62, "RNH_AMIN": 57, "NH_ASIAN": 695,