{"directed": false, "multigraph": false, "graph": [], "nodes": [{"boundary_node": true, "boundary_perim": 1.5799709697413276, "area": 0.23281125448800033, "STATEFP10": "09", "COUNTYFP10": "001", "COUNTYNS10": "00212794", "GEOID10": "09001", "NAME10": "Fairfield", "NAMELSAD10": "Fairfield County", "LSAD10": "06", "CLASSFP10": "H4", "MTFCC10": "G4020", "CSAFP10": "408", "CBSAFP10": "14860", "METDIVFP10": 0, "FUNCSTAT10": "N", "ALAND10": 1618456437, "AWATER10": 549162331, "INTPTLAT10": "+41.2281028", "INTPTLON10": "-073.3667574", "POP10": 916829, "UPOP": 874801, "RPOP": 42028, "C_X": -73.37120446160662, "C_Y": 41.22496017850748, "TOTPOP": 916829, "UTOTPOP": 874801, "RTOTPOP": 42028, "NH_WHITE": 606716, "UNH_WHITE": 568421, "RNH_WHITE": 38295, "NH_BLACK": 92705, "UNH_BLACK": 92289, "RNH_BLACK": 416, "NH_AMIN": 967, "UNH_AMIN": 941, "RNH_AMIN": 26, "NH_ASIAN": 41801, "UNH_ASIAN": 40603, "RNH_ASIAN": 1198, "NH_NHPI": 256, "UNH_NHPI": 247, "RNH_NHPI": 9, "NH_OTHER": 5695, "UNH_OTHER": 5622, "RNH_OTHER": 73, "NH_2MORE": 13664, "UNH_2MORE": 13195, "RNH_2MORE": 469, "HISP": 155025, "UHISP": 153483, "RHISP": 1542, "H_WHITE": 79184, "UH_WHITE": 78029, "RH_WHITE": 1155, "H_BLACK": 6612, "UH_BLACK": 6593, "RH_BLACK": 19, "H_AMIN": 1417, "UH_AMIN": 1400, "RH_AMIN": 17, "H_ASIAN": 483, "UH_ASIAN": 460, "RH_ASIAN": 23, "H_NHPI": 186, "UH_NHPI": 185, "RH_NHPI": 1, "H_OTHER": 56779, "UH_OTHER": 56557, "RH_OTHER": 222, "H_2MORE": 10364, "UH_2MORE": 10259, "RH_2MORE": 105, "VAP": 689810, "UVAP": 659439, "RVAP": 30371, "HVAP": 108149, "UHVAP": 107181, "RHVAP": 968, "WVAP": 470553, "UWVAP": 442515, "RWVAP": 28038, "BVAP": 68000, "UBVAP": 67688, "RBVAP": 312, "AMINVAP": 663, "UAMINVAP": 643, "RAMINVAP": 20, "ASIANVAP": 31207, "UASIANVAP": 30381, "RASIANVAP": 826, "NHPIVAP": 197, "UNHPIVAP": 192, "RNHPIVAP": 5, "OTHERVAP": 4092, "UOTHERVAP": 4058, "ROTHERVAP": 34, "2MOREVAP": 6949, "U2MOREVAP": 6781, "R2MOREVAP": 168, "id": 0}, {"boundary_node": true, "boundary_perim": 0.8970489450617054, "area": 0.21542149227349952, "STATEFP10": "09", "COUNTYFP10": "011", "COUNTYNS10": "00212799", "GEOID10": "09011", "NAME10": "New London", "NAMELSAD10": "New London County", "LSAD10": "06", "CLASSFP10": "H4", "MTFCC10": "G4020", "CSAFP10": "0", "CBSAFP10": "35980", "METDIVFP10": 0, "FUNCSTAT10": "N", "ALAND10": 1722025951, "AWATER10": 276665774, "INTPTLAT10": "+41.4786303", "INTPTLON10": "-072.1034515", "POP10": 274055, "UPOP": 203326, "RPOP": 70729, "C_X": -72.10648837839608, "C_Y": 41.46672262970286, "TOTPOP": 274055, "UTOTPOP": 203326, "RTOTPOP": 70729, "NH_WHITE": 214605, "UNH_WHITE": 149922, "RNH_WHITE": 64683, "NH_BLACK": 14488, "UNH_BLACK": 13679, "RNH_BLACK": 809, "NH_AMIN": 2077, "UNH_AMIN": 1463, "RNH_AMIN": 614, "NH_ASIAN": 11248, "UNH_ASIAN": 10080, "RNH_ASIAN": 1168, "NH_NHPI": 159, "UNH_NHPI": 139, "RNH_NHPI": 20, "NH_OTHER": 586, "UNH_OTHER": 526, "RNH_OTHER": 60, "NH_2MORE": 7678, "UNH_2MORE": 6278, "RNH_2MORE": 1400, "HISP": 23214, "UHISP": 21239, "RHISP": 1975, "H_WHITE": 10608, "UH_WHITE": 9361, "RH_WHITE": 1247, "H_BLACK": 1537, "UH_BLACK": 1452, "RH_BLACK": 85, "H_AMIN": 428, "UH_AMIN": 355, "RH_AMIN": 73, "H_ASIAN": 135, "UH_ASIAN": 126, "RH_ASIAN": 9, "H_NHPI": 21, "UH_NHPI": 19, "RH_NHPI": 2, "H_OTHER": 8136, "UH_OTHER": 7829, "RH_OTHER": 307, "H_2MORE": 2349, "UH_2MORE": 2097, "RH_2MORE": 252, "VAP": 214456, "UVAP": 159967, "RVAP": 54489, "HVAP": 14983, "UHVAP": 13826, "RHVAP": 1157, "WVAP": 173964, "UWVAP": 123220, "RWVAP": 50744, "BVAP": 11011, "UBVAP": 10414, "RBVAP": 597, "AMINVAP": 1462, "UAMINVAP": 1028, "RAMINVAP": 434, "ASIANVAP": 8664, "UASIANVAP": 7824, "RASIANVAP": 840, "NHPIVAP": 115, "UNHPIVAP": 105, "RNHPIVAP": 10, "OTHERVAP": 393, "UOTHERVAP": 351, "ROTHERVAP": 42, "2MOREVAP": 3864, "U2MOREVAP": 3199, "R2MOREVAP": 665, "id": 1}, {"boundary_node": true, "boundary_perim": 0.8630302043360003, "area": 0.2649925001060003, "STATEFP10": "09", "COUNTYFP10": "005", "COUNTYNS10": "00212796", "GEOID10": "09005", "NAME10": "Litchfield", "NAMELSAD10": "Litchfield County", "LSAD10": "06", "CLASSFP10": "H4", "MTFCC10": "G4020", "CSAFP10": "408", "CBSAFP10": "45860", "METDIVFP10": 0, "FUNCSTAT10": "N", "ALAND10": 2384238980, "AWATER10": 62165569, "INTPTLAT10": "+41.7918967", "INTPTLON10": "-073.2354279", "POP10": 189927, "UPOP": 111205, "RPOP": 78722, "C_X": -73.24532379294796, "C_Y": 41.792494245446356, "TOTPOP": 189927, "UTOTPOP": 111205, "RTOTPOP": 78722, "NH_WHITE": 173403, "UNH_WHITE": 98945, "RNH_WHITE": 74458, "NH_BLACK": 2206, "UNH_BLACK": 1682, "RNH_BLACK": 524, "NH_AMIN": 284, "UNH_AMIN": 190, "RNH_AMIN": 94, "NH_ASIAN": 2877, "UNH_ASIAN": 2112, "RNH_ASIAN": 765, "NH_NHPI": 41, "UNH_NHPI": 12, "RNH_NHPI": 29, "NH_OTHER": 239, "UNH_OTHER": 162, "RNH_OTHER": 77, "NH_2MORE": 2342, "UNH_2MORE": 1556, "RNH_2MORE": 786, "HISP": 8535, "UHISP": 6546, "RHISP": 1989, "H_WHITE": 4865, "UH_WHITE": 3446, "RH_WHITE": 1419, "H_BLACK": 352, "UH_BLACK": 318, "RH_BLACK": 34, "H_AMIN": 120, "UH_AMIN": 94, "RH_AMIN": 26, "H_ASIAN": 31, "UH_ASIAN": 22, "RH_ASIAN": 9, "H_NHPI": 4, "UH_NHPI": 4, "RH_NHPI": 0, "H_OTHER": 2469, "UH_OTHER": 2109, "RH_OTHER": 360, "H_2MORE": 694, "UH_2MORE": 553, "RH_2MORE": 141, "VAP": 148975, "UVAP": 86764, "RVAP": 62211, "HVAP": 5324, "UHVAP": 4083, "RHVAP": 1241, "WVAP": 138339, "UWVAP": 78864, "RWVAP": 59475, "BVAP": 1687, "UBVAP": 1270, "RBVAP": 417, "AMINVAP": 212, "UAMINVAP": 144, "RAMINVAP": 68, "ASIANVAP": 2064, "UASIANVAP": 1521, "RASIANVAP": 543, "NHPIVAP": 27, "UNHPIVAP": 11, "RNHPIVAP": 16, "OTHERVAP": 157, "UOTHERVAP": 112, "ROTHERVAP": 45, "2MOREVAP": 1165, "U2MOREVAP": 759, "R2MOREVAP": 406, "id": 2}, {"boundary_node": true, "boundary_perim": 0.6857667644527521, "area": 0.1463715664239999, "STATEFP10": "09", "COUNTYFP10": "015", "COUNTYNS10": "00212801", "GEOID10": "09015", "NAME10": "Windham", "NAMELSAD10": "Windham County", "LSAD10": "06", "CLASSFP10": "H4", "MTFCC10": "G4020", "CSAFP10": "278", "CBSAFP10": "48740", "METDIVFP10": 0, "FUNCSTAT10": "N", "ALAND10": 1328430430, "AWATER10": 22092290, "INTPTLAT10": "+41.8249987", "INTPTLON10": "-071.9907017", "POP10": 118428, "UPOP": 59497, "RPOP": 58931, "C_X": -71.98755027582698, "C_Y": 41.82995983116677, "TOTPOP": 118428, "UTOTPOP": 59497, "RTOTPOP": 58931, "NH_WHITE": 101138, "UNH_WHITE": 45799, "RNH_WHITE": 55339, "NH_BLACK": 1995, "UNH_BLACK": 1461, "RNH_BLACK": 534, "NH_AMIN": 436, "UNH_AMIN": 222, "RNH_AMIN": 214, "NH_ASIAN": 1360, "UNH_ASIAN": 871, "RNH_ASIAN": 489, "NH_NHPI": 38, "UNH_NHPI": 30, "RNH_NHPI": 8, "NH_OTHER": 126, "UNH_OTHER": 80, "RNH_OTHER": 46, "NH_2MORE": 1984, "UNH_2MORE": 1172, "RNH_2MORE": 812, "HISP": 11351, "UHISP": 9862, "RHISP": 1489, "H_WHITE": 4962, "UH_WHITE": 4047, "RH_WHITE": 915, "H_BLACK": 622, "UH_BLACK": 599, "RH_BLACK": 23, "H_AMIN": 126, "UH_AMIN": 102, "RH_AMIN": 24, "H_ASIAN": 28, "UH_ASIAN": 20, "RH_ASIAN": 8, "H_NHPI": 6, "UH_NHPI": 6, "RH_NHPI": 0, "H_OTHER": 4876, "UH_OTHER": 4486, "RH_OTHER": 390, "H_2MORE": 731, "UH_2MORE": 602, "RH_2MORE": 129, "VAP": 91982, "UVAP": 45870, "RVAP": 46112, "HVAP": 7019, "UHVAP": 6085, "RHVAP": 934, "WVAP": 80871, "UWVAP": 37123, "RWVAP": 43748, "BVAP": 1574, "UBVAP": 1143, "RBVAP": 431, "AMINVAP": 323, "UAMINVAP": 156, "RAMINVAP": 167, "ASIANVAP": 1065, "UASIANVAP": 702, "RASIANVAP": 363, "NHPIVAP": 28, "UNHPIVAP": 21, "RNHPIVAP": 7, "OTHERVAP": 80, "UOTHERVAP": 52, "ROTHERVAP": 28, "2MOREVAP": 1022, "U2MOREVAP": 588, "R2MOREVAP": 434, "id": 3}, {"boundary_node": true, "boundary_perim": 0.4071240873261699, "area": 0.11711300358000004, "STATEFP10": "09", "COUNTYFP10": "013", "COUNTYNS10": "00212668", "GEOID10": "09013", "NAME10": "Tolland", "NAMELSAD10": "Tolland County", "LSAD10": "06", "CLASSFP10": "H4", "MTFCC10": "G4020", "CSAFP10": "278", "CBSAFP10": "25540", "METDIVFP10": 0, "FUNCSTAT10": "N", "ALAND10": 1062448385, "AWATER10": 17698315, "INTPTLAT10": "+41.8580762", "INTPTLON10": "-072.3409774", "POP10": 152691, "UPOP": 94351, "RPOP": 58340, "C_X": -72.33648951161716, "C_Y": 41.85500855715412,