{"directed": false, "multigraph": false, "graph": [], "nodes": [{"boundary_node": true, "boundary_perim": 0.988668967710735, "area": 0.21529285337350007, "STATEFP10": "10", "COUNTYFP10": "001", "COUNTYNS10": "00217271", "GEOID10": "10001", "NAME10": "Kent", "NAMELSAD10": "Kent County", "LSAD10": "06", "CLASSFP10": "H1", "MTFCC10": "G4020", "CSAFP10": "0", "CBSAFP10": "20100", "METDIVFP10": "0", "FUNCSTAT10": "A", "ALAND10": 1518196116, "AWATER10": 549470508, "INTPTLAT10": "+39.0970884", "INTPTLON10": "-075.5029819", "POP10": 162310, "UPOP": 118536, "RPOP": 43774, "C_X": -75.50461388676281, "C_Y": 39.09595402676718, "TOTPOP": 162310, "UTOTPOP": 118536, "RTOTPOP": 43774, "NH_WHITE": 105891, "UNH_WHITE": 68963, "RNH_WHITE": 36928, "NH_BLACK": 37812, "UNH_BLACK": 34143, "RNH_BLACK": 3669, "NH_AMIN": 916, "UNH_AMIN": 606, "RNH_AMIN": 310, "NH_ASIAN": 3266, "UNH_ASIAN": 2827, "RNH_ASIAN": 439, "NH_NHPI": 74, "UNH_NHPI": 54, "RNH_NHPI": 20, "NH_OTHER": 347, "UNH_OTHER": 277, "RNH_OTHER": 70, "NH_2MORE": 4658, "UNH_2MORE": 3831, "RNH_2MORE": 827, "HISP": 9346, "UHISP": 7835, "RHISP": 1511, "H_WHITE": 4108, "UH_WHITE": 3358, "RH_WHITE": 750, "H_BLACK": 1101, "UH_BLACK": 976, "RH_BLACK": 125, "H_AMIN": 127, "UH_AMIN": 106, "RH_AMIN": 21, "H_ASIAN": 40, "UH_ASIAN": 37, "RH_ASIAN": 3, "H_NHPI": 17, "UH_NHPI": 16, "RH_NHPI": 1, "H_OTHER": 2888, "UH_OTHER": 2432, "RH_OTHER": 456, "H_2MORE": 1065, "UH_2MORE": 910, "RH_2MORE": 155, "VAP": 121931, "UVAP": 88387, "RVAP": 33544, "HVAP": 5766, "UHVAP": 4836, "RHVAP": 930, "WVAP": 83206, "UWVAP": 54432, "RWVAP": 28774, "BVAP": 27350, "UBVAP": 24565, "RBVAP": 2785, "AMINVAP": 749, "UAMINVAP": 486, "RAMINVAP": 263, "ASIANVAP": 2554, "UASIANVAP": 2216, "RASIANVAP": 338, "NHPIVAP": 56, "UNHPIVAP": 45, "RNHPIVAP": 11, "OTHERVAP": 158, "UOTHERVAP": 120, "ROTHERVAP": 38, "2MOREVAP": 2092, "U2MOREVAP": 1687, "R2MOREVAP": 405, "id": 0}, {"boundary_node": true, "boundary_perim": 1.6681659681727852, "area": 0.3208010707209994, "STATEFP10": "10", "COUNTYFP10": "005", "COUNTYNS10": "00217269", "GEOID10": "10005", "NAME10": "Sussex", "NAMELSAD10": "Sussex County", "LSAD10": "06", "CLASSFP10": "H1", "MTFCC10": "G4020", "CSAFP10": "0", "CBSAFP10": "42580", "METDIVFP10": "0", "FUNCSTAT10": "A", "ALAND10": 2424432871, "AWATER10": 674204700, "INTPTLAT10": "+38.6775108", "INTPTLON10": "-075.3354950", "POP10": 197145, "UPOP": 115717, "RPOP": 81428, "C_X": -75.33953946398411, "C_Y": 38.68330286700003, "TOTPOP": 197145, "UTOTPOP": 115717, "RTOTPOP": 81428, "NH_WHITE": 149025, "UNH_WHITE": 84875, "RNH_WHITE": 64150, "NH_BLACK": 24544, "UNH_BLACK": 15244, "RNH_BLACK": 9300, "NH_AMIN": 924, "UNH_AMIN": 426, "RNH_AMIN": 498, "NH_ASIAN": 1910, "UNH_ASIAN": 1283, "RNH_ASIAN": 627, "NH_NHPI": 62, "UNH_NHPI": 29, "RNH_NHPI": 33, "NH_OTHER": 305, "UNH_OTHER": 203, "RNH_OTHER": 102, "NH_2MORE": 3421, "UNH_2MORE": 2084, "RNH_2MORE": 1337, "HISP": 16954, "UHISP": 11573, "RHISP": 5381, "H_WHITE": 6638, "UH_WHITE": 4338, "RH_WHITE": 2300, "H_BLACK": 571, "UH_BLACK": 392, "RH_BLACK": 179, "H_AMIN": 640, "UH_AMIN": 491, "RH_AMIN": 149, "H_ASIAN": 33, "UH_ASIAN": 25, "RH_ASIAN": 8, "H_NHPI": 88, "UH_NHPI": 64, "RH_NHPI": 24, "H_OTHER": 7864, "UH_OTHER": 5557, "RH_OTHER": 2307, "H_2MORE": 1120, "UH_2MORE": 706, "RH_2MORE": 414, "VAP": 156838, "UVAP": 93132, "RVAP": 63706, "HVAP": 10502, "UHVAP": 7214, "RHVAP": 3288, "WVAP": 124846, "UWVAP": 72857, "RWVAP": 51989, "BVAP": 17653, "UBVAP": 10779, "RBVAP": 6874, "AMINVAP": 762, "UAMINVAP": 348, "RAMINVAP": 414, "ASIANVAP": 1441, "UASIANVAP": 979, "RASIANVAP": 462, "NHPIVAP": 49, "UNHPIVAP": 24, "RNHPIVAP": 25, "OTHERVAP": 143, "UOTHERVAP": 92, "ROTHERVAP": 51, "2MOREVAP": 1442, "U2MOREVAP": 839, "R2MOREVAP": 603, "id": 1}, {"boundary_node": true, "boundary_perim": 1.4848161763119412, "area": 0.1341292951889996, "STATEFP10": "10", "COUNTYFP10": "003", "COUNTYNS10": "00217270", "GEOID10": "10003", "NAME10": "New Castle", "NAMELSAD10": "New Castle County", "LSAD10": "06", "CLASSFP10": "H1", "MTFCC10": "G4020", "CSAFP10": "428", "CBSAFP10": "37980", "METDIVFP10": "48864", "FUNCSTAT10": "A", "ALAND10": 1104074798, "AWATER10": 175385759, "INTPTLAT10": "+39.5759152", "INTPTLON10": "-075.6441324", "POP10": 538479, "UPOP": 513696, "RPOP": 24783, "C_X": -75.63898205995537, "C_Y": 39.57832751721979, "TOTPOP": 538479, "UTOTPOP": 513696, "RTOTPOP": 24783, "NH_WHITE": 331836, "UNH_WHITE": 310558, "RNH_WHITE": 21278, "NH_BLACK": 124426, "UNH_BLACK": 122482, "RNH_BLACK": 1944, "NH_AMIN": 984, "UNH_AMIN": 939, "RNH_AMIN": 45, "NH_ASIAN": 23132, "UNH_ASIAN": 22687, "RNH_ASIAN": 445, "NH_NHPI": 102, "UNH_NHPI": 96, "RNH_NHPI": 6, "NH_OTHER": 873, "UNH_OTHER": 854, "RNH_OTHER": 19, "NH_2MORE": 10205, "UNH_2MORE": 9849, "RNH_2MORE": 356, "HISP": 46921, "UHISP": 46231, "RHISP": 690, "H_WHITE": 21119, "UH_WHITE": 20671, "RH_WHITE": 448, "H_BLACK": 3360, "UH_BLACK": 3324, "RH_BLACK": 36, "H_AMIN": 590, "UH_AMIN": 584, "RH_AMIN": 6, "H_ASIAN": 168, "UH_ASIAN": 167, "RH_ASIAN": 1, "H_NHPI": 57, "UH_NHPI": 56, "RH_NHPI": 1, "H_OTHER": 18242, "UH_OTHER": 18112, "RH_OTHER": 130, "H_2MORE": 3385, "UH_2MORE": 3317, "RH_2MORE": 68, "VAP": 413400, "UVAP": 394250, "RVAP": 19150, "HVAP": 29868, "UHVAP": 29437, "RHVAP": 431, "WVAP": 269584, "UWVAP": 252864, "RWVAP": 16720, "BVAP": 89981, "UBVAP": 88537, "RBVAP": 1444, "AMINVAP": 737, "UAMINVAP": 704, "RAMINVAP": 33, "ASIANVAP": 17672, "UASIANVAP": 17337, "RASIANVAP": 335, "NHPIVAP": 72, "UNHPIVAP": 68, "RNHPIVAP": 4, "OTHERVAP": 528, "UOTHERVAP": 516, "ROTHERVAP": 12, "2MOREVAP": 4958, "U2MOREVAP": 4787, "R2MOREVAP": 171, "id": 2}], "adjacency": [[{"shared_perim": 0.7420229478153121, "id": 1}, {"shared_perim": 0.38020503610276585, "id": 2}], [{"shared_perim": 0.7420229478153121, "id": 0}], [{"shared_perim": 0.38020503610276585, "id": 0}]]}