{"directed": false, "multigraph": false, "graph": [], "nodes": [{"boundary_node": true, "boundary_perim": 7.353071682966964, "area": 0.4884508879750006, "STATEFP10": "15", "COUNTYFP10": "003", "COUNTYNS10": "00365281", "GEOID10": "15003", "NAME10": "Honolulu", "NAMELSAD10": "Honolulu County", "LSAD10": "06", "CLASSFP10": "H6", "MTFCC10": "G4020", "CSAFP10": 0, "CBSAFP10": "26180", "METDIVFP10": 0, "FUNCSTAT10": "A", "ALAND10": 1555917151, "AWATER10": 3955760999, "INTPTLAT10": "+21.4613641", "INTPTLON10": "-158.2019756", "POP10": 953207, "UPOP": 944982.0, "RPOP": 8225, "C_X": -164.62972644330134, "C_Y": 23.686170321587813, "TOTPOP": 953207, "UTOTPOP": 944982.0, "RTOTPOP": 8225, "NH_WHITE": 181684, "UNH_WHITE": 179444.0, "RNH_WHITE": 2240, "NH_BLACK": 17929, "UNH_BLACK": 17846.0, "RNH_BLACK": 83, "NH_AMIN": 1699, "UNH_AMIN": 1680.0, "RNH_AMIN": 19, "NH_ASIAN": 410019, "UNH_ASIAN": 407624.0, "RNH_ASIAN": 2395, "NH_NHPI": 86235, "UNH_NHPI": 85176.0, "RNH_NHPI": 1059, "NH_OTHER": 1287, "UNH_OTHER": 1272.0, "RNH_OTHER": 15, "NH_2MORE": 176921, "UNH_2MORE": 175189.0, "RNH_2MORE": 1732, "HISP": 77433, "UHISP": 76751.0, "RHISP": 682, "H_WHITE": 17048, "UH_WHITE": 16900.0, "RH_WHITE": 148, "H_BLACK": 1327, "UH_BLACK": 1323.0, "RH_BLACK": 4, "H_AMIN": 739, "UH_AMIN": 730.0, "RH_AMIN": 9, "H_ASIAN": 8391, "UH_ASIAN": 8330.0, "RH_ASIAN": 61, "H_NHPI": 4643, "UH_NHPI": 4594.0, "RH_NHPI": 49, "H_OTHER": 9170, "UH_OTHER": 9124.0, "RH_OTHER": 46, "H_2MORE": 36115, "UH_2MORE": 35750.0, "RH_2MORE": 365, "VAP": 742707, "UVAP": 736133.0, "RVAP": 6574, "HVAP": 48734, "UHVAP": 48281.0, "RHVAP": 453, "WVAP": 156627, "UWVAP": 154620.0, "RWVAP": 2007, "BVAP": 14011, "UBVAP": 13936.0, "RBVAP": 75, "AMINVAP": 1383, "UAMINVAP": 1364.0, "RAMINVAP": 19, "ASIANVAP": 347621, "UASIANVAP": 345533.0, "RASIANVAP": 2088, "NHPIVAP": 60890, "UNHPIVAP": 60121.0, "RNHPIVAP": 769, "OTHERVAP": 936, "UOTHERVAP": 923.0, "ROTHERVAP": 13, "2MOREVAP": 112505, "U2MOREVAP": 111355.0, "R2MOREVAP": 1150, "id": 0}, {"boundary_node": true, "boundary_perim": 4.597357048397276, "area": 1.134342381532002, "STATEFP10": "15", "COUNTYFP10": "001", "COUNTYNS10": "00365280", "GEOID10": "15001", "NAME10": "Hawaii", "NAMELSAD10": "Hawaii County", "LSAD10": "06", "CLASSFP10": "H1", "MTFCC10": "G4020", "CSAFP10": 0, "CBSAFP10": "25900", "METDIVFP10": 0, "FUNCSTAT10": "A", "ALAND10": 10433550395, "AWATER10": 2739470816, "INTPTLAT10": "+19.5977643", "INTPTLON10": "-155.5024434", "POP10": 185079, "UPOP": 114766.0, "RPOP": 70313, "C_X": -155.52288586655143, "C_Y": 19.602396817316592, "TOTPOP": 185079, "UTOTPOP": 114766.0, "RTOTPOP": 70313, "NH_WHITE": 57831, "UNH_WHITE": 31091.0, "RNH_WHITE": 26740, "NH_BLACK": 899, "UNH_BLACK": 565.0, "RNH_BLACK": 334, "NH_AMIN": 586, "UNH_AMIN": 328.0, "RNH_AMIN": 258, "NH_ASIAN": 39588, "UNH_ASIAN": 28300.0, "RNH_ASIAN": 11288, "NH_NHPI": 20970, "UNH_NHPI": 13640.0, "RNH_NHPI": 7330, "NH_OTHER": 281, "UNH_OTHER": 147.0, "RNH_OTHER": 134, "NH_2MORE": 43541, "UNH_2MORE": 27252.0, "RNH_2MORE": 16289, "HISP": 21383, "UHISP": 13443.0, "RHISP": 7940, "H_WHITE": 4517, "UH_WHITE": 2746.0, "RH_WHITE": 1771, "H_BLACK": 121, "UH_BLACK": 85.0, "RH_BLACK": 36, "H_AMIN": 283, "UH_AMIN": 164.0, "RH_AMIN": 119, "H_ASIAN": 1462, "UH_ASIAN": 963.0, "RH_ASIAN": 499, "H_NHPI": 1419, "UH_NHPI": 911.0, "RH_NHPI": 508, "H_OTHER": 2587, "UH_OTHER": 1602.0, "RH_OTHER": 985, "H_2MORE": 10994, "UH_2MORE": 6972.0, "RH_2MORE": 4022, "VAP": 142799, "UVAP": 88206.0, "RVAP": 54593, "HVAP": 12999, "UHVAP": 8183.0, "RHVAP": 4816, "WVAP": 51590, "UWVAP": 27721.0, "RWVAP": 23869, "BVAP": 758, "UBVAP": 476.0, "RBVAP": 282, "AMINVAP": 491, "UAMINVAP": 269.0, "RAMINVAP": 222, "ASIANVAP": 34311, "UASIANVAP": 24491.0, "RASIANVAP": 9820, "NHPIVAP": 14779, "UNHPIVAP": 9608.0, "RNHPIVAP": 5171, "OTHERVAP": 205, "UOTHERVAP": 107.0, "ROTHERVAP": 98, "2MOREVAP": 27666, "U2MOREVAP": 17351.0, "R2MOREVAP": 10315, "id": 1}, {"boundary_node": true, "boundary_perim": 3.1506232805489214, "area": 0.28685730172199975, "STATEFP10": "15", "COUNTYFP10": "007", "COUNTYNS10": "00365282", "GEOID10": "15007", "NAME10": "Kauai", "NAMELSAD10": "Kauai County", "LSAD10": "06", "CLASSFP10": "H1", "MTFCC10": "G4020", "CSAFP10": 0, "CBSAFP10": "28180", "METDIVFP10": 0, "FUNCSTAT10": "A", "ALAND10": 1605678326, "AWATER10": 1674176401, "INTPTLAT10": "+22.0120383", "INTPTLON10": "-159.7059653", "POP10": 67091, "UPOP": 58463.0, "RPOP": 8628, "C_X": -159.70543820022297, "C_Y": 22.011079869798447, "TOTPOP": 67091, "UTOTPOP": 58463.0, "RTOTPOP": 8628, "NH_WHITE": 20611, "UNH_WHITE": 16233.0, "RNH_WHITE": 4378, "NH_BLACK": 258, "UNH_BLACK": 214.0, "RNH_BLACK": 44, "NH_AMIN": 158, "UNH_AMIN": 135.0, "RNH_AMIN": 23, "NH_ASIAN": 20296, "UNH_ASIAN": 18910.0, "RNH_ASIAN": 1386, "NH_NHPI": 5716, "UNH_NHPI": 5004.0, "RNH_NHPI": 712, "NH_OTHER": 74, "UNH_OTHER": 66.0, "RNH_OTHER": 8, "NH_2MORE": 13663, "UNH_2MORE": 12289.0, "RNH_2MORE": 1374, "HISP": 6315, "UHISP": 5612.0, "RHISP": 703, "H_WHITE": 1548, "UH_WHITE": 1293.0, "RH_WHITE": 255, "H_BLACK": 20, "UH_BLACK": 18.0, "RH_BLACK": 2, "H_AMIN": 96, "UH_AMIN": 84.0, "RH_AMIN": 12, "H_ASIAN": 720, "UH_ASIAN": 676.0, "RH_ASIAN": 44, "H_NHPI": 344, "UH_NHPI": 313.0, "RH_NHPI": 31, "H_OTHER": 534, "UH_OTHER": 465.0, "RH_OTHER": 69, "H_2MORE": 3053, "UH_2MORE": 2763.0, "RH_2MORE": 290, "VAP": 51868, "UVAP": 45072.0, "RVAP": 6796, "HVAP": 4008, "UHVAP": 3556.0, "RHVAP": 452, "WVAP": 17967, "UWVAP": 14184.0, "RWVAP": 3783, "BVAP": 208, "UBVAP": 173.0, "RBVAP": 35, "AMINVAP": 127, "UAMINVAP": 106.0, "RAMINVAP": 21, "ASIANVAP": 17118, "UASIANVAP": 15949.0, "RASIANVAP": 1169, "NHPIVAP": 4129, "UNHPIVAP": 3613.0, "RNHPIVAP": 516, "OTHERVAP": 53, "UOTHERVAP": 46.0, "ROTHERVAP": 7, "2MOREVAP": 8258, "U2MOREVAP": 7445.0, "R2MOREVAP": 813, "id": 2}, {"boundary_node": true, "boundary_perim": 0.16698964916888065, "area": 0.011902543572000032, "STATEFP10": "15", "COUNTYFP10": "005", "COUNTYNS10": "01702380", "GEOID10": "15005", "NAME10": "Kalawao", "NAMELSAD10": "Kalawao County", "LSAD10": "06", "CLASSFP10": "H4", "MTFCC10": "G4020", "CSAFP10": 0, "CBSAFP10": "0", "METDIVFP10": 0, "FUNCSTAT10": "G", "ALAND10": 31057797, "AWATER10": 105769512, "INTPTLAT10": "+21.2187644", "INTPTLON10": "-156.9740097", "POP10": 90, "UPOP": 0.0, "RPOP": 90, "C_X": -156.95404165063408, "C_Y": 21.211889764621002, "TOTPOP": 90, "UTOTPOP": 0.0, "RTOTPOP": 90, "NH_WHITE": 24, "UNH_WHITE": 0.0, "RNH_WHITE": 24, "NH_BLACK": 0, "UNH_BLACK": 0.0, "RNH_BLACK": 0, "NH_AMIN": 0, "UNH_AMIN": 0.0, "RNH_AMIN": 0, "NH_ASIAN": 7, "UNH_ASIAN": 0.0, "RNH_ASIAN": 7, "NH_NHPI": 44, "UNH_NHPI": 0.0, "RNH_NHPI": 44, "NH_OTHER": 0, "UNH_OTHER": 0.0, "RNH_OTHER": 0, "NH_2MORE": 14, "UNH_2MORE": 0.0, "RNH_2MORE": 14, "HISP": 1, "UHISP": 0.0, "RHISP": 1, "H_WHITE": 0, "UH_WHITE": 0.0, "RH_WHITE": 0, "H_BLACK": 0, "UH_BLACK": 0.0, "RH_BLACK": 0, "H_AMIN": 0, "UH_AMIN": 0.0, "RH_AMIN": 0, "H_ASIAN": 0, "UH_ASIAN": 0.0, "RH_ASIAN": 0, "H_NHPI": 0, "UH_NHPI": 0.0, "RH_NHPI": 0, "H_OTHER": 1, "UH_OTHER": 0.0, "RH_OTHER": 1, "H_2MORE": 0, "UH_2MORE": 0.0, "RH_2MORE": 0, "VAP": 90, "UVAP": 0.0, "RVAP": 90, "HVAP": 1, "UHVAP": 0.0, "RHVAP": 1, "WVAP": 24, "UWVAP": 0.0, "RWVAP": 24, "BVAP": 0, "UBVAP": 0.0, "RBVAP": 0, "AMINVAP": 0, "UAMINVAP": 0.0, "RAMINVAP": 0, "ASIANVAP": 7, "UASIANVAP": 0.0, "RASIANVAP": 7, "NHPIVAP": 44, "UNHPIVAP": 0.0, "RNHPIVAP": 44, "OTHERVAP": 0, "UOTHERVAP": 0.0, "ROTHERVAP": 0, "2MOREVAP": 14, "U2MOREVAP": 0.0, "R2MOREVAP": 14, "id": 3}, {"boundary_node": true, "boundary_perim": 5.723473799642347, "area": 0.539150970431, "STATEFP10": "15", "COUNTYFP10": "009", "COUNTYNS10": "00365283", "GEOID10": "15009", "NAME10": "Maui", "NAMELSAD10": "Maui County", "LSAD10": "06", "CLASSFP10": "H1", "MTFCC10": "G4020", "CSAFP10": 0, "CBSAFP10": "27980", "METDIVFP10": 0, "FUNCSTAT10": "A", "ALAND10": 3008326306, "AWATER10": 3203316730, "INTPTLAT10": "+20.8559306", "INTPTLON10": "-156.6015503", "POP10": 154834, "UPOP": 132278.0, "RPOP": 22556, "C_X": -156.6170587897705,